,Address,Latitude,Longitude,Street
0,"1144 Soria St, Saint Louis, MO 63138, USA",38.7899711,-90.2006085,1144 Soria St
1,"2 Ivy Dr, Little Rock, AR 72209, USA",34.698322,-92.349104,2 Ivy Dr
2,"190 Grenoble Ln, Florissant, MO 63033, USA",38.7793232,-90.3063409,190 Grenoble Ln
3,"6611 Diamond Pass, San Antonio, TX 78239, USA",29.522146,-98.358267,6611 Diamond Pass
4,"9934 PERMIAN BAY, San Antonio, TX 78245, USA",29.409029,-98.689615,9934 PERMIAN BAY
5,"4465 Smithfield Cv, Unincorporated, TN 38125, USA",35.115119899999996,-89.78622599639836,4465 Smithfield Cv
6,"1422 Cherry Rd, Memphis, TN 38117, USA",35.09287563144801,-89.91655599440946,1422 Cherry Rd
7,"1552 Pepperwood St, Memphis, TN 38134, USA",35.167410670395554,-89.84861290960808,1552 Pepperwood St
8,"3241 N Waynoka Cir, Memphis, TN 38111, USA",35.13828958682166,-89.95323516642621,3241 N Waynoka Cir
9,"8259 Floral Springs Dr, Memphis, TN 38016, USA",35.158683,-89.787418,8259 Floral Springs Dr
10,"6809 Spring River Rd, Unincorporated, TN 38141, USA",37.8486484,-122.2108432,6809 Spring River Rd
11,"1538 Beringer Dr, Unincorporated, TN 38018, USA",35.115119899999996,-89.78622599639836,1538 Beringer Dr
12,"3303 ALONZO FLDS, Converse, TX 78109, USA",29.5180081,-98.3161241,3303 ALONZO FLDS
13,"77030 California Dr, Palm Desert, CA 92211, USA",33.7409305,-116.3066735,77030 California Dr
14,"76723 Oklahoma Ave, Palm Desert, CA 92211, USA",33.733747,-116.3258058,76723 Oklahoma Ave
15,"4534 Waverly Ave, Kansas City, KS 66104, USA",39.13108017171717,-94.68412686868687,4534 Waverly Ave
16,"7110 College Ave, Kansas City, MO 64132, USA",38.99738548979592,-94.5488705510204,7110 College Ave
17,"7906 E 48th St, Kansas City, MO 64129, USA",39.03723453011107,-94.49311731337683,7906 E 48th St
18,"9115 E 72nd Ter, Raytown, MO 64133, USA",38.993709952334754,-94.47690435090135,9115 E 72nd Ter
19,"3899 Princeton Blvd, South Euclid, OH 44121, USA",41.54208638461539,-81.54147223076923,3899 Princeton Blvd
20,"4815 Krueger Ave, Parma, OH 44134, USA",41.406802319526626,-81.71930410650887,4815 Krueger Ave
21,"5150 Oak Haven Cir, Trussville, AL 35173, USA",33.65605402399003,-86.57289746900699,5150 Oak Haven Cir
22,"977 Narrows Point Dr, Birmingham, AL 35242, USA",33.4667604,-86.75842480373213,977 Narrows Point Dr
23,"132 Cattail Ln, Calera, AL 35040, USA",33.08170286028926,-86.75064669766408,132 Cattail Ln
24,"312 Alicetowne Lndg, Brandon, MS 39047, USA",32.2731475,-89.9868058,312 Alicetowne Lndg
25,"4041 Wilmington Rd, South Euclid, OH 44121, USA",41.50809763265306,-81.53482653061224,4041 Wilmington Rd
26,"1475 Holmden Rd, South Euclid, OH 44121, USA",41.51917390789474,-81.532972,1475 Holmden Rd
27,"1766 Grand Blvd, Euclid, OH 44117, USA",41.56172340545015,-81.53795094157755,1766 Grand Blvd
28,"19350 Locherie Ave, Euclid, OH 44119, USA",41.5949036504298,-81.54450452722062,19350 Locherie Ave
29,"5772 W 45th St, Parma, OH 44134, USA",41.405465130434784,-81.716315,5772 W 45th St
30,"11615 Lemonmint Pkwy, San Antonio, TX 78245, USA",29.4240485,-98.725109,11615 Lemonmint Pkwy
31,"13338 Stetson Trl, San Antonio, TX 78223, USA",29.285892795918365,-98.40184365306122,13338 Stetson Trl
32,"1327 S Dunton Ave, Arlington Heights, IL 60005, USA",42.06003252134267,-87.98222877414084,1327 S Dunton Ave
33,"212 S Nogales Ave, Tulsa, OK 74127, USA",36.151096979591834,-96.00340589795918,212 S Nogales Ave
34,"641 Masonwood Dr, Kyle, TX 78640, USA",29.98689084205312,-97.86384690459653,641 Masonwood Dr
35,"21271 Priday Ave, Euclid, OH 44123, USA",41.59879975,-81.531951075,21271 Priday Ave
36,"109 Kingston Ct, Birmingham, AL 35211, USA",33.42374785,-86.86889008207875,109 Kingston Ct
37,"5515 Bonnett Pl, Birmingham, AL 35235, USA",35.2230894,-80.9402453,5515 Bonnett Pl
38,"510 New Bridge Dr, Kyle, TX 78640, USA",29.96764994032219,-97.84609106827679,510 New Bridge Dr
39,"146 Terry Cv, Kyle, TX 78640, USA",29.9892816,-97.877174,146 Terry Cv
40,"1825 Golden Sunrise Ln, Pflugerville, TX 78660, USA",30.45169125,-97.60610054171131,1825 Golden Sunrise Ln
41,"2927 W Easton Ct, Tulsa, OK 74127, USA",36.160710979797976,-96.02522517171718,2927 W Easton Ct
42,"2125 Griffith Dr NW, Huntsville, AL 35810, USA",34.785979,-86.585175,2125 Griffith Dr NW
43,"3766 Sherwood Rd, Cleveland, OH 44121, USA",41.4829283,-81.6204867,3766 Sherwood Rd
44,"17817 Cluster Ct, Spring, TX 77379, USA",30.031055349587035,-95.48280091057815,17817 Cluster Ct
45,"8045 Rockhampton Cir, Helena, AL 35080, USA",33.27728725779796,-86.84671250780329,8045 Rockhampton Cir
46,"216 Oxmoor Pl, Birmingham, AL 35211, USA",33.42912488147044,-86.8520542598149,216 Oxmoor Pl
47,"5214 Gayle Ln, Hueytown, AL 35023, USA",33.40816628571429,-86.99321028571428,5214 Gayle Ln
48,"4200 W 19th St, Little Rock, AR 72204, USA",34.733956,-92.320626,4200 W 19th St
49,"5402 Nottingham Dr, Birmingham, AL 35235, USA",33.59985265,-86.63221556960227,5402 Nottingham Dr
50,"7011 NW Kingsbury Ave, Lawton, OK 73505, USA",34.627236151515156,-98.47697234343434,7011 NW Kingsbury Ave
51,"1315 NW Ash Ave, Lawton, OK 73507, USA",34.61710257142857,-98.40869042857143,1315 NW Ash Ave
52,"290 S Mesquite Ave, New Braunfels, TX 78130, USA",29.68969263265306,-98.134139,290 S Mesquite Ave
53,"16105 McAloon Way, Austin, TX 78728, USA",30.3471894,-97.7145626,16105 McAloon Way
54,"205 Peruna Dr, Marble Falls, TX 78654, USA",30.600087199999997,-98.2696350614643,205 Peruna Dr
55,"1345 Red Stag Pl, Round Rock, TX 78665, USA",30.508235,-97.6788934,1345 Red Stag Pl
56,"2417 Dorchester Dr, Little Rock, AR 72204, USA",34.730643,-92.360505,2417 Dorchester Dr
57,"125 Orchard Pass, Warner Robins, GA 31088, USA",32.615621925076105,-83.61990801873098,125 Orchard Pass
58,"2026 Chandalar Ct, Pelham, AL 35124, USA",33.3190174,-86.800806,2026 Chandalar Ct
59,"7228 S Ridgeland Ave, Chicago, IL 60649, USA",41.763376949999994,-87.58265462373046,7228 S Ridgeland Ave
60,"1502 Alamo Dr, Columbus, GA 31907, USA",32.4317732111789,-84.90061730940978,1502 Alamo Dr
61,"420 Circle Dr, Prosperity, SC 29127, USA",34.21504799636343,-81.54072099861463,420 Circle Dr
62,"125 Caley Ct, Lexington, SC 29072, USA",34.00550394838691,-81.17095496845867,125 Caley Ct
63,"114 Larkspur Rd, Columbia, SC 29212, USA",34.0007493,-81.0343313,114 Larkspur Rd
64,"121 Parkstone Way, West Columbia, SC 29170, USA",33.9819485,-81.1007565,121 Parkstone Way
65,"22 Engrid Ct, Columbia, SC 29223, USA",34.0294732,-81.1066173,22 Engrid Ct
66,"118 Gavinshire Rd, Columbia, SC 29209, USA",34.0007493,-81.0343313,118 Gavinshire Rd
67,"112 Woodbury Dr, Winnsboro, SC 29180, USA",34.34686754839322,-81.10306137026139,112 Woodbury Dr
68,"1633 Overhill Rd, Columbia, SC 29223, USA",34.0007493,-81.0343313,1633 Overhill Rd
69,"104 Family Rd, Bishopville, SC 29010, USA",34.2182107,-80.2484056,104 Family Rd
70,"6851 Seaside Dr, Unincorporated, TN 38018, USA",35.115119899999996,-89.78622599639836,6851 Seaside Dr
71,"4525 Montclair Rd, Little Rock, AR 72204, USA",34.735874678454955,-92.32489512540768,4525 Montclair Rd
72,"478 Wilder Dr, Fayetteville, NC 28314, USA",35.06209969374251,-79.00040627296411,478 Wilder Dr
73,"406 E Lawrence St, Mishawaka, IN 46545, USA",41.668146,-86.172474,406 E Lawrence St
74,"19213 Grassmere Way, Edmond, OK 73012, USA",35.6647934,-97.5136226,19213 Grassmere Way
75,"4608 NW 161st St, Edmond, OK 73013, USA",35.6571367,-97.4649038,4608 NW 161st St
76,"2432 NW 177th St, Edmond, OK 73012, USA",35.6571367,-97.4649038,2432 NW 177th St
77,"16721 Farmington Way, Edmond, OK 73012, USA",35.655084,-97.5213115,16721 Farmington Way
78,"3624 Huntsman Rd, Edmond, OK 73003, USA",35.69262701699898,-97.49677363785058,3624 Huntsman Rd
79,"12520 Williamsport Ave, Oklahoma City, OK 73120, USA",35.59681002863149,-97.53963,12520 Williamsport Ave
80,"19200 Grassmere Way, Edmond, OK 73012, USA",35.6647934,-97.5136226,19200 Grassmere Way
81,"109 Stonebrook Way, Edmond, OK 73003, USA",35.68444311221177,-97.48029531594666,109 Stonebrook Way
82,"820 Prairie Dunes Way, Edmond, OK 73003, USA",35.68776865232792,-97.49524125449152,820 Prairie Dunes Way
83,"709 Cypress Ln, Cottonwood Shores, TX 78657, USA",30.554534959183673,-98.32240999999999,709 Cypress Ln
84,"28188 Apache Ave, Barstow, CA 92311, USA",34.9046943,-117.0248225,28188 Apache Ave
85,"204 Battle Dr, Dallas, GA 30132, USA",32.8858249,-96.8368206,204 Battle Dr
86,"210 Jefferson River Rd, Athens, GA 30607, USA",33.992199,-83.4261885,210 Jefferson River Rd
87,"5 W 8th St, Greenville, SC 29611, USA",34.85740114446584,-82.42811545340068,5 W 8th St
88,"18600 Homeway Rd, Cleveland, OH 44135, USA",41.427558823293175,-81.82975242570282,18600 Homeway Rd
89,"18508 Homeway Rd, Cleveland, OH 44135, USA",41.427553465863454,-81.82910251405623,18508 Homeway Rd
90,"18516 Rockland Ave, Cleveland, OH 44135, USA",41.42924593172691,-81.82907916064258,18516 Rockland Ave
91,"6294 Randolph Rd, Bedford, OH 44146, USA",41.39138607317073,-81.50890226829267,6294 Randolph Rd
92,"16407 Lotus Dr, Cleveland, OH 44128, USA",41.44606975100402,-81.56575295983936,16407 Lotus Dr
93,"607 E 92nd St, Chicago, IL 60619, USA",41.72724725,-87.60905884925373,607 E 92nd St
94,"444 W Fairview Cir, Palatine, IL 60067, USA",42.1129566,-88.0484019,444 W Fairview Cir
95,"8626 Williamsdell St, Houston, TX 77088, USA",29.877104480976236,-95.42285086471989,8626 Williamsdell St
96,"8645 Carlin St, Detroit, MI 48228, USA",42.35733169387755,-83.1787535510204,8645 Carlin St
97,"2614 Babble Creek Ln, O Fallon, MO 63368, USA",38.7626489,-90.6999927,2614 Babble Creek Ln
98,"1016 Matchingham Dr, Columbia, SC 29223, USA",34.0007493,-81.0343313,1016 Matchingham Dr
99,"1024 Matchingham Dr, Columbia, SC 29223, USA",34.0007493,-81.0343313,1024 Matchingham Dr
100,"309 Pine Cliff Ct, Columbia, SC 29209, USA",33.98336008698841,-80.97243376114862,309 Pine Cliff Ct
101,"2821 E 40th Pl N, Tulsa, OK 74110, USA",36.21297493877551,-95.94834953061223,2821 E 40th Pl N
102,"1201 Lawhorn Rd, Blythewood, SC 29016, USA",34.2143159,-80.973977,1201 Lawhorn Rd
103,"236 Reynord Cir, West Columbia, SC 29172, USA",33.9819485,-81.1007565,236 Reynord Cir
104,"3796 W 130th St, Cleveland, OH 44111, USA",41.450642071428575,-81.779736,3796 W 130th St
105,"3534 W 125th St, Cleveland, OH 44111, USA",41.457626676767674,-81.7748086868687,3534 W 125th St
106,"3711 W 135th St, Cleveland, OH 44111, USA",41.453301921052635,-81.78444773684211,3711 W 135th St
107,"13625 Middlebrook Blvd, Brook Park, OH 44142, USA",41.3980413,-81.793874,13625 Middlebrook Blvd
108,"3602 W 139th St, Cleveland, OH 44111, USA",41.45392106060606,-81.78908148484848,3602 W 139th St
109,"5131 Woodcrest Rd, Jacksonville, FL 32205, USA",30.29907021212121,-81.73264027272727,5131 Woodcrest Rd
110,"4437 Melvin Cir E, Jacksonville, FL 32210, USA",30.25806868873477,-81.76699541953073,4437 Melvin Cir E
111,"1824 Thrasher Ct, Austell, GA 30168, USA",33.8126059,-84.6343783,1824 Thrasher Ct
112,"105 Mangrove Dr, Alabaster, AL 35007, USA",33.231720601672045,-86.83306829855788,105 Mangrove Dr
113,"325 Lossie Ln, Mcdonough, GA 30253, USA",33.4473361,-84.1468616,325 Lossie Ln
114,"3348 Chapel Hills Pkwy, Fultondale, AL 35068, USA",33.6296955,-86.76993887779919,3348 Chapel Hills Pkwy
115,"141 Cottage Rd, West Columbia, SC 29172, USA",33.9819485,-81.1007565,141 Cottage Rd
116,"1207 Crossview Ct, Brandon, MS 39042, USA",32.301465275366034,-90.03443024659606,1207 Crossview Ct
117,"2225 Tuxedo Ave, Parma, OH 44134, USA",41.416188937992416,-81.69607616525181,2225 Tuxedo Ave
118,"4460 W 51st St, Cleveland, OH 44144, USA",41.43488267346939,-81.72130032653061,4460 W 51st St
119,"4214 Longwood Ave, Parma, OH 44134, USA",41.39445858762886,-81.7137056185567,4214 Longwood Ave
120,"14643 Greystone Dr, Brook Park, OH 44142, USA",41.39736390653062,-81.79866255842272,14643 Greystone Dr
121,"4861 Green Rd, Warrensville Heights, OH 44128, USA",41.428066,-81.51692,4861 Green Rd
122,"1821 Grand Blvd, Euclid, OH 44117, USA",41.561871665279455,-81.53780796295305,1821 Grand Blvd
123,"3911 Wood Ave, Parma, OH 44134, USA",41.408493318051576,-81.71183608882521,3911 Wood Ave
124,"9 Harrow Dr, Little Rock, AR 72209, USA",34.686916994058414,-92.32638678270777,9 Harrow Dr
125,"12313 Dwight Eisenhower St, Manor, TX 78653, USA",30.35699,-97.5225556,12313 Dwight Eisenhower St
126,"709 Kaluga Trl, Leander, TX 78641, USA",30.5661211,-97.8579308,709 Kaluga Trl
127,"8921 Dever Dr, Saint Louis, MO 63136, USA",38.7323685,-90.2739617,8921 Dever Dr
128,"2719 Ansel St, Columbia, SC 29204, USA",34.02451877999151,-81.00885891277224,2719 Ansel St
129,"5810 Madison Ave, Cleveland, OH 44102, USA",41.47728383221476,-81.726299704698,5810 Madison Ave
130,"2470 Tandy Dr, Gulfport, MS 39503, USA",30.44102995,-89.05859177726143,2470 Tandy Dr
131,"594 Ponta St, Marion, MS 39342, USA",32.42211792270002,-88.64932390296238,594 Ponta St
132,"2320 Kelsey Ct, Lindenhurst, IL 60046, USA",42.419120163265305,-88.02412973469387,2320 Kelsey Ct
133,"201 E 142nd St, Dolton, IL 60419, USA",41.637076,-87.617051,201 E 142nd St
134,"1207 Detering St, Houston, TX 77007, USA",29.772029265306124,-95.41643985714285,1207 Detering St
135,"148 Continental Ave, Liberty Hill, TX 78642, USA",30.6549707,-97.8904489,148 Continental Ave
136,"253 Western Dr, Kyle, TX 78640, USA",30.003888,-97.881569,253 Western Dr
137,"2207 Morgan Creek Dr, Fort Wayne, IN 46808, USA",42.3904484,-83.2386025,2207 Morgan Creek Dr
138,"154 Charity Ln, Orangeburg, SC 29115, USA",33.4918203,-80.8556476,154 Charity Ln
139,"136 Plantain Dr, Hutto, TX 78634, USA",30.5675237,-97.5420413,136 Plantain Dr
140,"11812 Lima Dr, Manor, TX 78653, USA",30.316454,-97.53842751639344,11812 Lima Dr
141,"3829 Condor Stoop Dr, Pflugerville, TX 78660, USA",30.45169125,-97.60610054171131,3829 Condor Stoop Dr
142,"12310 Shearwater Run, Fort Wayne, IN 46845, USA",41.1962579,-85.158452,12310 Shearwater Run
143,"130 Cavalry Trl, Elgin, TX 78621, USA",30.35953124489796,-97.394284,130 Cavalry Trl
144,"5531 Winship Ct, Indianapolis, IN 46221, USA",39.683113,-86.256603,5531 Winship Ct
145,"520 Hampton St, Camden, SC 29020, USA",34.653076,-80.3900693,520 Hampton St
146,"1420 Crested Butte Way, Georgetown, TX 78626, USA",30.599621346938775,-97.65787608163265,1420 Crested Butte Way
147,"1116 La Conterra Blvd, Georgetown, TX 78626, USA",30.598216,-97.6591519,1116 La Conterra Blvd
148,"210 Snow Ln, Lexington, SC 29073, USA",34.00599974765436,-81.15354406435596,210 Snow Ln
149,"10142 Pippin Meadows Dr, Cincinnati, OH 45231, USA",39.3321206,-84.3508736,10142 Pippin Meadows Dr
150,"946 S 25th St, South Bend, IN 46615, USA",41.66508965306122,-86.21186406122449,946 S 25th St
151,"8013 Violet Willow Ln, Jacksonville, FL 32244, USA",30.238178079777256,-81.78271404761621,8013 Violet Willow Ln
152,"149 River Valley Dr, Columbia, SC 29201, USA",34.023529334027955,-81.0591381184996,149 River Valley Dr
153,"2152 Old Number Six Hwy, Cameron, SC 29030, USA",33.5576546,-80.7145341,2152 Old Number Six Hwy
154,"175 Willey St, Gilberts, IL 60136, USA",42.10700325083569,-88.37110927449143,175 Willey St
155,"14147 S School St, Riverdale, IL 60827, USA",41.638087930258706,-87.629238,14147 S School St
156,"1524 E Lee Ave, Sherwood, AR 72120, USA",34.829079,-92.21569430099267,1524 E Lee Ave
157,"8527 S Oglesby Ave, Chicago, IL 60617, USA",41.73998695,-87.56701352993528,8527 S Oglesby Ave
158,"136 Tanglewood Dr, Anderson, SC 29621, USA",34.54342188188562,-82.66465674953331,136 Tanglewood Dr
159,"14745 Princeton Ave, Dolton, IL 60419, USA",41.62711653238562,-87.6302339935029,14745 Princeton Ave
160,"14526 S Eggleston Ave, Riverdale, IL 60827, USA",41.63112503313165,-87.63307514919643,14526 S Eggleston Ave
161,"14403 Irving Ave, Dolton, IL 60419, USA",41.63328259729742,-87.602588,14403 Irving Ave
162,"76 Chesterfield Dr, New Castle, DE 19720, USA",39.6620572,-75.5663132,76 Chesterfield Dr
163,"5270 N Kercheval Dr, Indianapolis, IN 46226, USA",39.828136,-86.040205,5270 N Kercheval Dr
164,"10562 Maddox Pl, Saint Louis, MO 63114, USA",38.695075,-90.39446,10562 Maddox Pl
165,"3868 Holly Ct, Country Club Hills, IL 60478, USA",41.577499063382234,-87.710679121822,3868 Holly Ct
166,"1542 Cella St, Memphis, TN 38114, USA",35.10402973992659,-89.97897198073194,1542 Cella St
167,"505 Scarlet Sage Ln, Columbia, SC 29223, USA",34.0294732,-81.1066173,505 Scarlet Sage Ln
168,"55 Rosedale Ave, Greenville, PA 16125, USA",41.40533911878351,-80.3748785436461,55 Rosedale Ave
169,"1448 W Stephenson St, Freeport, IL 61032, USA",42.294820342630935,-89.64728896090718,1448 W Stephenson St
170,"3572 Jodeco Rd, McDonough, GA 30253, USA",33.4473361,-84.1468616,3572 Jodeco Rd
171,"6324 W Richmond Ave, Milwaukee, WI 53210, USA",43.070859564885495,-87.99127938931298,6324 W Richmond Ave
172,"10 Belle Grove Cir, Richmond Hill, GA 31324, USA",31.9382381,-81.3035515,10 Belle Grove Cir
173,"800 W 29th St, Wilmington, DE 19802, USA",39.763003,-75.538782,800 W 29th St
174,"1450 Brecon Dr, Jackson, MS 39211, USA",32.359421,-90.144636,1450 Brecon Dr
175,"8307 Holmes Rd, Kansas City, MO 64131, USA",38.976626061224486,-94.58094163265307,8307 Holmes Rd
176,"1508 Springlake Dr NE, Birmingham, AL 35215, USA",33.620586,-86.670706,1508 Springlake Dr NE
177,"129 Owl Trace Ln, Chapin, SC 29036, USA",34.1659795,-81.3498212,129 Owl Trace Ln
178,"602 S Congress St, Winnsboro, SC 29180, USA",34.36913597959184,-81.08346148979592,602 S Congress St
179,"200 Chapelwhite Rd, Irmo, SC 29063, USA",34.096075396358046,-81.2041373859587,200 Chapelwhite Rd
180,"703 4th Ave W, Birmingham, AL 35204, USA",33.50619979591837,-86.84743640816326,703 4th Ave W
181,"100 Strike Eagle Run, Goldsboro, NC 27530, USA",35.3848841,-77.9927651,100 Strike Eagle Run
182,"9919 S Oglesby Ave, Chicago, IL 60617, USA",41.7146922,-87.56551203819242,9919 S Oglesby Ave
183,"9452 Rembold Ave, Saint Louis, MO 63125, USA",38.53299424489796,-90.27931751020408,9452 Rembold Ave
184,"5404 Carolina St, Merrillville, IN 46410, USA",41.4891647,-87.3269367,5404 Carolina St
185,"3311 Silver Hills Ave, Kalamazoo, MI 49004, USA",42.33042818644068,-85.53939466101694,3311 Silver Hills Ave
186,"1141 Pennsylvania St, Gary, IN 46407, USA",41.5859038,-87.3332016,1141 Pennsylvania St
187,"305 Clark St, Chapin, SC 29036, USA",34.164518,-81.349076,305 Clark St
188,"1107 Avenue I, Bessemer, AL 35020, USA",33.386281631467554,-86.9466953167438,1107 Avenue I
189,"2725 Allison Mill Rd, Talladega, AL 35160, USA",33.399452133917855,-86.10603884774453,2725 Allison Mill Rd
190,"6732 S Indiana Ave, Chicago, IL 60637, USA",41.771877950000004,-87.62054085253169,6732 S Indiana Ave
191,"6715 Pocket Wood St, Las Vegas, NV 89148, USA",36.1672559,-115.1485163,6715 Pocket Wood St
192,"216 W Clapier St, Philadelphia, PA 19144, USA",40.02465110204082,-75.16721626530612,216 W Clapier St
193,"3903 White St, Cahokia, IL 62206, USA",38.577679845857865,-90.17987058077641,3903 White St
194,"1672 Jenkins Rd, Jacksonville, FL 32208, USA",30.38535793877551,-81.68312797959184,1672 Jenkins Rd
195,"200 Fenwick Ave, Wilmington, DE 19804, USA",39.7459468,-75.546589,200 Fenwick Ave
196,"8322 Osborn Dr, Saint Louis, MO 63136, USA",38.7248955,-90.2732377,8322 Osborn Dr
197,"1404 Brook Ln, Wilmington, DE 19805, USA",42.884331,-72.894016,1404 Brook Ln
198,"2920 Pike Rd, Birmingham, AL 35208, USA",33.51320236734694,-86.86893575510204,2920 Pike Rd
199,"612 Omega St S, Birmingham, AL 35205, USA",33.49428847826087,-86.82584717391305,612 Omega St S
200,"530 Queen St, Columbia, SC 29205, USA",33.99659947046038,-81.00903616452864,530 Queen St
201,"5147 Round Table Dr, Ellenwood, GA 30294, USA",33.6101096,-84.287978,5147 Round Table Dr
202,"10610 Sardis Rd, Mabelvale, AR 72103, USA",34.65368192357701,-92.3873209221839,10610 Sardis Rd
203,"764 Meadowbrook Dr, Birmingham, AL 35215, USA",33.599189086592006,-86.69682261261029,764 Meadowbrook Dr
204,"4625 N Hopkins St # A, Milwaukee, WI 53209, USA",43.1139368,-87.9641412,4625 N Hopkins St # A
205,"4846 Lynndale Rd, Graysville, AL 35073, USA",33.6572135,-86.964648,4846 Lynndale Rd
206,"2501 E 97th St, Chicago, IL 60617, USA",41.71879415,-87.56323845,2501 E 97th St
207,"8014 W Red Oak Ln, Texas City, TX 77591, USA",28.1640334,-97.0065678,8014 W Red Oak Ln
208,"751 Bison Dr, Houston, TX 77079, USA",29.776333062458402,-95.62052565360577,751 Bison Dr
209,"13513 Bellaire Rd, Cleveland, OH 44135, USA",41.435966,-81.784886,13513 Bellaire Rd
210,"920 Clarke Ave, Waukegan, IL 60085, USA",42.35542642857143,-87.84266648979592,920 Clarke Ave
211,"3423 Arapaho Trl, Little Rock, AR 72209, USA",34.66146756181499,-92.3174725002661,3423 Arapaho Trl
212,"5221 Meadow Ave, Portage, IN 46368, USA",41.569958750308096,-87.21331946943593,5221 Meadow Ave
213,"1263 Ivory Ct, Greenwood, IN 46143, USA",14.5490667,121.1169797,1263 Ivory Ct
214,"73 Longman St, Toms River, NJ 8753, USA",40.004626333333334,-74.1225254,73 Longman St
215,"1048 Radio Rd, Little Egg Harbor Twp, NJ 8087, USA",39.561872908722535,-74.36935931384743,1048 Radio Rd
216,"1319 Bay Ave, Toms River, NJ 8753, USA",39.968557437499996,-74.1237265625,1319 Bay Ave
217,"1321 32nd Street Ensley, Birmingham, AL 35218, USA",33.49748498718982,-86.89493114424754,1321 32nd Street Ensley
218,"1437 N 19th St, Philadelphia, PA 19121, USA",39.97657339024391,-75.16642029268293,1437 N 19th St
219,"5354 Deer Timbers Trl, Humble, TX 77346, USA",29.99092095,-95.1711003370956,5354 Deer Timbers Trl
220,"310 W Woodlawn Ave, Maple Shade, NJ 8052, USA",39.960069390583556,-75.01048990096567,310 W Woodlawn Ave
221,"510 N Grover St, Liberty, MO 64068, USA",39.25222946938776,-94.42285187755103,510 N Grover St
222,"2806 Westbury Ln, Texas City, TX 77590, USA",29.404125646464646,-94.93593042424243,2806 Westbury Ln
223,"1508 Preston Ave, Akron, OH 44305, USA",41.06840969890293,-81.46906199566725,1508 Preston Ave
224,"3304 E 75th St, Kansas City, MO 64132, USA",38.99045491836734,-94.54800795918368,3304 E 75th St
225,"7634 S Seeley Ave, Chicago, IL 60620, USA",41.75465475,-87.6747726409367,7634 S Seeley Ave
226,"149 Somerset Dr, Willingboro, NJ 8046, USA",40.0445380279539,-74.89278607137008,149 Somerset Dr
227,"1468 Kilmuir Way, Stone Mountain, GA 30083, USA",33.8231946,-84.1107169,1468 Kilmuir Way
228,"643 Hammond Ave, Aurora, IL 60506, USA",41.76951320323877,-88.3242593666467,643 Hammond Ave
229,"3823 Avenue J NW, Winter Haven, FL 33881, USA",28.0315042,-81.7322769,3823 Avenue J NW
230,"16816 Pinehurst St, Detroit, MI 48221, USA",42.3333682,-83.0005612,16816 Pinehurst St
231,"3446 Bergen Ave, Toms River, NJ 8753, USA",39.95480843559172,-74.11462120464903,3446 Bergen Ave
232,"3379 Lexington Rd, Montgomery, AL 36106, USA",32.34515267346939,-86.2983173877551,3379 Lexington Rd
233,"14 S Elmwood Ave, Waukegan, IL 60085, USA",42.35934175,-87.85469462500001,14 S Elmwood Ave
234,"15340 Harper Ave, Dolton, IL 60419, USA",41.6169031482747,-87.57962202636601,15340 Harper Ave
235,"19490 Beaverland St, Detroit, MI 48219, USA",42.433115698492465,-83.26542045728644,19490 Beaverland St
236,"34 Princeton Ln, Willingboro, NJ 8046, USA",40.028158820018724,-74.9009730614476,34 Princeton Ln
237,"2220 Fairfax Ave, Bessemer, AL 35020, USA",33.400198022053004,-86.94002439864826,2220 Fairfax Ave
238,"9004 S Albany Ave, Evergreen Park, IL 60805, USA",41.729676059907455,-87.69973812518873,9004 S Albany Ave
239,"402 Elizabeth Ave, Toms River, NJ 8753, USA",39.94720716231052,-74.13970168690895,402 Elizabeth Ave
240,"50 Letts Landing Rd, Waretown, NJ 8758, USA",39.80135320912436,-74.18979577009807,50 Letts Landing Rd
241,"615 S 13th Ave, Maywood, IL 60153, USA",41.88167935483482,-87.84878367581962,615 S 13th Ave
242,"54 Sheffield Dr, Willingboro, NJ 8046, USA",40.0484805464581,-74.8880420709525,54 Sheffield Dr
243,"11715 Palmer Ct, Fayetteville, GA 30215, USA",33.496219100000005,-84.42743538659867,11715 Palmer Ct
244,"118 Oneida Lake Dr, Little Egg Harbor Twp, NJ 8087, USA",39.57250507941491,-74.37673769853728,118 Oneida Lake Dr
245,"2005 Narberth Ave, Haddon Heights, NJ 8035, USA",39.87887375510204,-75.08272177551021,2005 Narberth Ave
246,"3498 Cummings Rd, Cleveland Heights, OH 44118, USA",41.50546076133726,-81.55335203229816,3498 Cummings Rd
247,"560 Martin Rd, Toms River, NJ 8753, USA",39.954671,-74.12915766666667,560 Martin Rd
248,"402 Ibis Ct, Tuckerton, NJ 8087, USA",39.61395017454417,-74.32027593010112,402 Ibis Ct
249,"1163 Prigge Ave, Saint Louis, MO 63138, USA",38.7813821,-90.2042671,1163 Prigge Ave
250,"19405 Pierson St, Detroit, MI 48219, USA",42.433108154362415,-83.24761883221477,19405 Pierson St
251,"19296 Northrop St, Detroit, MI 48219, USA",42.431960849462364,-83.26198006451612,19296 Northrop St
252,"3902 Archer Ln, Columbia, PA 17512, USA",44.64933,-67.73254,3902 Archer Ln
253,"4637 Louisiana Ave, Saint Louis, MO 63111, USA",38.574983493844755,-90.2460209917689,4637 Louisiana Ave
254,"3 Saint Andrews Dr, Little Egg Harbor Twp, NJ 8087, USA",39.58040038265736,-74.36074165365403,3 Saint Andrews Dr
255,"10 Silversmith Ct, Barnegat, NJ 8005, USA",39.73486253626191,-74.24070847409864,10 Silversmith Ct
256,"216 Keats Ct, Sicklerville, NJ 8081, USA",39.7173375,-74.9693329,216 Keats Ct
257,"33 W Shore Dr, Southampton, NJ 8088, USA",39.89616410128094,-74.71169747467977,33 W Shore Dr
258,"24 Spindletop Ln, Willingboro, NJ 8046, USA",40.04442759176054,-74.893673762491,24 Spindletop Ln
259,"5721 Monte Sano Rd, Birmingham, AL 35228, USA",33.47869613131313,-86.90064418181818,5721 Monte Sano Rd
260,"26 W Boat Dr, Little Egg Harbor Twp, NJ 8087, USA",39.565108729683494,-74.3719215835115,26 W Boat Dr
261,"14958 Highland Ave, Orland Park, IL 60462, USA",41.61762314521902,-87.86678693353826,14958 Highland Ave
262,"940 Garvin St, Jackson, MS 39206, USA",32.36044114523391,-90.15548113337273,940 Garvin St
263,"281 Chappell Rd NW, Atlanta, GA 30314, USA",33.763035900000006,-84.43292303887162,281 Chappell Rd NW
264,"606 Wellington Pt, Houston, TX 77094, USA",29.75703,-95.613374,606 Wellington Pt
265,"557 Lloyd Rd, Toms River, NJ 8753, USA",39.95440577777778,-74.12792333333333,557 Lloyd Rd
266,"232 Mathewson Pl SW, Atlanta, GA 30314, USA",33.74878065,-84.4361162840225,232 Mathewson Pl SW
267,"4825 Mount Sinyala Crossover, Fort Wayne, IN 46808, USA",41.1121771,-85.051377,4825 Mount Sinyala Crossover
268,"2529 7th St NE, Center Point, AL 35215, USA",33.65065326033511,-86.6699385918042,2529 7th St NE
269,"983 Palmetto Ave SW, Atlanta, GA 30314, USA",33.75195395,-84.41976360059135,983 Palmetto Ave SW
270,"105 Hopping Ct, Harrison, OH 45030, USA",39.24576165,-84.789729614464,105 Hopping Ct
271,"1524 Truman St, Hammond, IN 46320, USA",41.6180398,-87.5082457,1524 Truman St
272,"6850 W 16th St, Indianapolis, IN 46214, USA",39.786626,-86.27671,6850 W 16th St
273,"125 Michigan Rd, Pennsville, NJ 8070, USA",39.64364516217376,-75.5372810909286,125 Michigan Rd
274,"1018 W Grant St, Appleton, WI 54914, USA",44.27720324961815,-88.42111951685051,1018 W Grant St
275,"5410 White Willow Ct, Indianapolis, IN 46254, USA",39.8494174,-86.2911227,5410 White Willow Ct
276,"410 Woodward St, Beecher, IL 60401, USA",41.33914472781458,-87.62904104606422,410 Woodward St
277,"3927 Stannard Dr, Toledo, OH 43613, USA",41.69088212244898,-83.61723493877551,3927 Stannard Dr
278,"349 Hickory Dr, Crystal Lake, IL 60014, USA",42.25042532624096,-88.34232973514763,349 Hickory Dr
279,"464 Johnson Pool Rd, Griffin, GA 30223, USA",33.25734210158688,-84.25450792952657,464 Johnson Pool Rd
280,"1975 Cole St, Birmingham, MI 48009, USA",42.54021788771151,-83.1960643792509,1975 Cole St
281,"1500 19th Pl SW, Birmingham, AL 35211, USA",33.47331324750306,-86.86947974031133,1500 19th Pl SW
282,"2836 N Osage Dr, Bourbonnais, IL 60914, USA",41.1639309,-87.8839693,2836 N Osage Dr
283,"2462 Gerald Ct, Atco, NJ 8004, USA",39.769838,-74.8873855,2462 Gerald Ct
284,"2307 Christel Ave, Middletown, OH 45044, USA",39.50868513540041,-84.38477358896382,2307 Christel Ave
285,"136 156th Pl, Calumet City, IL 60409, USA",41.611273068893176,-87.5284232409446,136 156th Pl
286,"32 156th Pl, Calumet City, IL 60409, USA",41.611277388829826,-87.52689937427743,32 156th Pl
287,"220 Wolf Ave, Wadsworth, OH 44281, USA",41.03773847368421,-81.73383384210526,220 Wolf Ave
288,"3006 173rd St, Hazel Crest, IL 60429, USA",41.57548636734693,-87.68878802040817,3006 173rd St
289,"1701 NW 46th St, Lawton, OK 73505, USA",34.629553,-98.449021,1701 NW 46th St
290,"507 NW Bell Ave, Lawton, OK 73507, USA",34.611514,-98.39543846938776,507 NW Bell Ave
291,"250 Karen Dr, Bourbonnais, IL 60914, USA",41.17776936624775,-87.87936941651859,250 Karen Dr
292,"509 57th St, West New York, NJ 7093, USA",40.78702966666667,-74.018264,509 57th St
293,"1159 Prigge Ave, Saint Louis, MO 63138, USA",38.7813707,-90.2040863,1159 Prigge Ave
294,"93 Winslow St, Park Forest, IL 60466, USA",41.491945005318165,-87.68064797105438,93 Winslow St
295,"2613 8th Ave, East Moline, IL 61244, USA",41.522325567392926,-90.41661342065507,2613 8th Ave
296,"1814 NW Baldwin Ave, Lawton, OK 73507, USA",34.62509357142857,-98.41737471428571,1814 NW Baldwin Ave
297,"205 S Pine St, Mishawaka, IN 46544, USA",41.659644,-86.175159,205 S Pine St
298,"1839 7th St, Rock Island, IL 61201, USA",41.49350437185817,-90.58834756646638,1839 7th St
299,"1092 Easy St Unit A, Greenwood, IN 46142, USA",14.5490667,121.1169797,1092 Easy St Unit A
300,"3627 5th Ave, Moline, IL 61265, USA",41.511044224489794,-90.48613108163265,3627 5th Ave
301,"8606 S Elizabeth St, Chicago, IL 60620, USA",41.737428949999995,-87.65488384093348,8606 S Elizabeth St
302,"601 Market St, Gloucester City, NJ 8030, USA",39.893705,-75.121745,601 Market St
303,"290 N Quincy Ave, Bradley, IL 60915, USA",41.14781300437537,-87.84949834291965,290 N Quincy Ave
304,"571 NE 43rd Ave, Des Moines, IA 50313, USA",41.6385916,-93.6053991,571 NE 43rd Ave
305,"516 29th Ave, Moline, IL 61265, USA",41.48369797979798,-90.5300554949495,516 29th Ave
306,"1619 Edwards St, Dolomite, AL 35061, USA",33.4680255,-86.9617602,1619 Edwards St
307,"86 Lovell Rd, Abbottstown, PA 17301, USA",39.8864869,-76.9847013,86 Lovell Rd
308,"1320 36th St, Rock Island, IL 61201, USA",41.498149787345994,-90.54991172602014,1320 36th St
309,"3235 24th Ave, Rock Island, IL 61201, USA",41.48614398517677,-90.55440385305495,3235 24th Ave
310,"2607 24th Ave, Rock Island, IL 61201, USA",41.486376925834456,-90.56318307169593,2607 24th Ave
311,"50 S Willow Ln, Glenwood, IL 60425, USA",41.54586583609974,-87.60171696301919,50 S Willow Ln
312,"1809 Tremont Ave, Davenport, IA 52803, USA",41.5376387369812,-90.5612948643994,1809 Tremont Ave
313,"609 Cherokee Ct, Davenport, IA 52804, USA",41.52634148605968,-90.61449966634088,609 Cherokee Ct
314,"1023 N 21st St, Lafayette, IN 47904, USA",40.417519,-86.873376,1023 N 21st St
315,"1534 31st St, Des Moines, IA 50311, USA",41.606977309148554,-93.65985895565385,1534 31st St
316,"2705 Cohn Arbor Ln, Houston, TX 77007, USA",29.78276633333333,-95.42294233333334,2705 Cohn Arbor Ln
317,"1710 E 21st St, Des Moines, IA 50317, USA",41.6086850397351,-93.58019328476821,1710 E 21st St
318,"75 N Maple St, Manteno, IL 60950, USA",41.251330464646465,-87.83872794949495,75 N Maple St
319,"5614 Crestwood Rd, Matteson, IL 60443, USA",41.52225407736213,-87.75219347207154,5614 Crestwood Rd
320,"3078 Merrimac Dr, Montgomery, AL 36111, USA",32.33547018181818,-86.25847381818181,3078 Merrimac Dr
321,"106 Meadows Ct, Bourbonnais, IL 60914, USA",41.17152148317239,-87.87363073267538,106 Meadows Ct
322,"3128 Indian Rd, Davenport, IA 52802, USA",41.5140776,-90.6258489,3128 Indian Rd
323,"4640 Grant St, Gary, IN 46408, USA",41.5466357,-87.3557902,4640 Grant St
324,"175 Saint Daniel Ln, Florissant, MO 63031, USA",38.7834614,-90.3203969,175 Saint Daniel Ln
325,"9334 S Woodlawn Ave, Chicago, IL 60619, USA",41.7477378,-87.5953934,9334 S Woodlawn Ave
326,"13638 Coleridge St, San Antonio, TX 78217, USA",29.564654510204083,-98.3963881632653,13638 Coleridge St
327,"126 W Valley View Dr, Lakemoor, IL 60051, USA",42.328492,-88.200251,126 W Valley View Dr
328,"10315 Whispering Pine Dr, Little Rock, AR 72209, USA",38.4496867,-81.8167546,10315 Whispering Pine Dr
329,"677 Brittany Ln, Island Lake, IL 60042, USA",33.5321878,131.4120019,677 Brittany Ln
330,"3426 Thompson Ave, Des Moines, IA 50317, USA",41.61394724489796,-93.54964804081634,3426 Thompson Ave
331,"2543 E 23rd St, Des Moines, IA 50317, USA",41.617586857142854,-93.57477128571429,2543 E 23rd St
332,"1203 E 42nd Ave, Pine Bluff, AR 71601, USA",34.18792955570409,-91.99165815804298,1203 E 42nd Ave
333,"11332 Republic Ave, Warren, MI 48089, USA",42.46566511428572,-83.01096211428572,11332 Republic Ave
334,"19 S 56th St, Belleville, IL 62226, USA",38.547551326530616,-90.03424959183674,19 S 56th St
335,"1636 Edgechester Ave, Columbus, GA 31907, USA",32.47708059295439,-84.91178017102402,1636 Edgechester Ave
336,"4808 Josephine St, Columbus, GA 31907, USA",32.46914803096361,-84.90108815828785,4808 Josephine St
337,"1221 Bradley Cir, Elgin, IL 60120, USA",42.0361022,-88.2862501,1221 Bradley Cir
338,"9034 S Union Ave, Chicago, IL 60620, USA",41.72967525,-87.64129502625869,9034 S Union Ave
339,"210 E Delaware St, Fortville, IN 46040, USA",39.941406,-85.846514,210 E Delaware St
340,"633 Yates Ave, Calumet City, IL 60409, USA",41.617192085973215,-87.56379887319501,633 Yates Ave
341,"2418 Diamond Ave, Gary, IN 46407, USA",41.6021292,-87.3371372,2418 Diamond Ave
342,"11023 Constantia Cv, Roanoke, IN 46783, USA",33.013983499999995,-97.21946802342579,11023 Constantia Cv
343,"3814 Stanton Hall Pkwy, Fort Wayne, IN 46815, USA",41.1160914,-85.0223743,3814 Stanton Hall Pkwy
344,"11117 La Fortuna Way, Roanoke, IN 46783, USA",40.981413,-85.285593,11117 La Fortuna Way
345,"2346 Highland Road, Dallas, TX 75228, USA",32.800452,-96.7128213871228,2346 Highland Road
346,"18738 Woodcrest St, Harper Woods, MI 48225, USA",42.43923495986622,-82.94616101672241,18738 Woodcrest St
347,"11421 S Loomis St, Chicago, IL 60643, USA",41.7061979,-87.6574439,11421 S Loomis St
348,"3517 Rittenour Dr, Hope Mills, NC 28348, USA",34.9704419,-78.9453056,3517 Rittenour Dr
349,"1059 Barlina Rd, Crystal Lake, IL 60014, USA",42.216706,-88.362425,1059 Barlina Rd
350,"6023 Fontenelle Dr, Houston, TX 77035, USA",29.64341509584732,-95.49659675299894,6023 Fontenelle Dr
351,"1126 Magnolia Dr, Inkster, MI 48141, USA",42.30296763298694,-83.31914681272364,1126 Magnolia Dr
352,"3837 E 54th St, Cleveland, OH 44105, USA",41.4537825,-81.6518315,3837 E 54th St
353,"4541 Stassen St, Houston, TX 77051, USA",29.670691163265307,-95.36033181632654,4541 Stassen St
354,"7658 Belbay St, Houston, TX 77033, USA",29.66969947826087,-95.32390626086956,7658 Belbay St
355,"3416 Park Ave, Kansas City, MO 64109, USA",39.083227,-94.5556518,3416 Park Ave
356,"117 Cotton Dr, Stockbridge, GA 30281, USA",33.5520035,-84.2571198,117 Cotton Dr
357,"1572 Blacksmith Ln, Greenville, NC 27834, USA",41.345797,-74.643013,1572 Blacksmith Ln
358,"253 Dove Park Rd, Columbia, SC 29223, USA",34.058392,-80.897092,253 Dove Park Rd
359,"2007 Prince William Dr, North Augusta, SC 29841, USA",33.520849999999996,-81.96696923114902,2007 Prince William Dr
360,"2205 Delta Pl, Greensboro, NC 27406, USA",36.026291,-79.8262795,2205 Delta Pl
361,"3816 Spruce St, Inkster, MI 48141, USA",42.28168160402685,-83.31505836241611,3816 Spruce St
362,"635 Charter St, Dekalb, IL 60115, USA",41.91514404081633,-88.74920428571428,635 Charter St
363,"1366 Woodview Ave, Calumet City, IL 60409, USA",41.59518211428617,-87.54651981547123,1366 Woodview Ave
364,"3768 Creek Side Way, Trussville, AL 35173, USA",33.61455488507085,-86.5924034167532,3768 Creek Side Way
365,"52 SW 45Th, Lawton, OK 73505, USA",34.628927,-98.44774,52 SW 45Th
366,"3101 Vine St, South Bend, IN 46615, USA",41.664093,-86.205359,3101 Vine St
367,"927 Peckham St, Akron, OH 44320, USA",41.087504798842495,-81.5497753922789,927 Peckham St
368,"5232 Wayburn St, Detroit, MI 48224, USA",42.39931551677852,-82.95481482550336,5232 Wayburn St
369,"6712 Artesian St, Detroit, MI 48228, USA",42.33984673493976,-83.22542169879519,6712 Artesian St
370,"728 N Marion Ave, Tulsa, OK 74115, USA",36.16500128571428,-95.93427757142858,728 N Marion Ave
371,"9964 Valley Dr, Saint Louis, MO 63137, USA",38.7470481,-90.2070115,9964 Valley Dr
372,"10400 Seaton Dr, Saint Louis, MO 63137, USA",38.7587394,-90.2231721,10400 Seaton Dr
373,"4856 15th Pl, Meridian, MS 39305, USA",32.41048926760067,-88.69331785915479,4856 15th Pl
374,"1836 Parkridge Dr, Norman, OK 73071, USA",35.198102725157206,-97.41541937089762,1836 Parkridge Dr
375,"154 Edge Ave, New Castle, DE 19720, USA",39.6620572,-75.5663132,154 Edge Ave
376,"17251 Fielding St, Detroit, MI 48219, USA",42.41667954545454,-83.24377027272728,17251 Fielding St
377,"609 Prothro St, North Little Rock, AR 72117, USA",34.769536,-92.2670941,609 Prothro St
378,"837 1st St SW, Birmingham, AL 35211, USA",33.50067194444444,-86.83526744444444,837 1st St SW
379,"5501 Terrace J, Birmingham, AL 35208, USA",33.480475,-86.899176,5501 Terrace J
380,"1207 Admiral Dr, Saint Louis, MO 63137, USA",38.7459015,-90.2326544,1207 Admiral Dr
381,"2864 Webb Bridge Rd, Alpharetta, GA 30009, USA",34.075738121212126,-84.27587627272727,2864 Webb Bridge Rd
382,"567 Wedgewood Dr, Alpharetta, GA 30009, USA",34.076076681165716,-84.27694941275338,567 Wedgewood Dr
383,"8150 Pembroke Ave, Detroit, MI 48221, USA",42.43873434693877,-83.15272548979591,8150 Pembroke Ave
384,"12031 Bramell, Redford, MI 48239, USA",42.3716991,-83.2635704,12031 Bramell
385,"309 Plum St, Collinsville, IL 62234, USA",38.66679528571429,-89.98983557142857,309 Plum St
386,"331-333 Conkey Ave, Rochester, NY 14621, USA",43.17991917391304,-77.62008513043479,331-333 Conkey Ave
387,"6017 Happy Trails Ct, Lithonia, GA 30058, USA",33.7123305,-84.1051939,6017 Happy Trails Ct
388,"1656 Roberts St SW, Birmingham, AL 35211, USA",33.4717031192534,-86.86072700676687,1656 Roberts St SW
389,"1513 Edgechester Ave, Columbus, GA 31907, USA",32.47553257142857,-84.91198228571429,1513 Edgechester Ave
390,"1017 9th St, Pleasant Grove, AL 35127, USA",33.48721391919192,-86.98050981818182,1017 9th St
391,"10171 Greenmoor Dr, New Haven, IN 46774, USA",41.0531531,-85.0098775,10171 Greenmoor Dr
392,"6298 Bronte Ave, Memphis, TN 38134, USA",35.162391916488914,-89.85261350310189,6298 Bronte Ave
393,"527 Idlewood Park Dr, West Columbia, SC 29170, USA",33.9819485,-81.1007565,527 Idlewood Park Dr
394,"38 Saint Gregory Dr, Cahokia, IL 62206, USA",38.55280965873343,-90.19735912626656,38 Saint Gregory Dr
395,"10346 Ashbrook Dr, Saint Louis, MO 63137, USA",38.7583691,-90.2277861,10346 Ashbrook Dr
396,"2503 46th Ave, Meridian, MS 39307, USA",32.38352914307737,-88.724585,2503 46th Ave
397,"71 Broadmoor Dr, Little Rock, AR 72204, USA",34.73194413214441,-92.34785696603636,71 Broadmoor Dr
398,"4837 Mistic Lake Dr, Memphis, TN 38128, USA",35.1291949,-89.8992945,4837 Mistic Lake Dr
399,"1237 Adon St, Pittsburgh, PA 15204, USA",40.45275908163266,-80.06247267346939,1237 Adon St
400,"6117 N Main St, Tulsa, OK 74126, USA",36.242708,-95.99575812244898,6117 N Main St
401,"17 Barbara Dr, Little Rock, AR 72204, USA",34.731804287537805,-92.34685561281385,17 Barbara Dr
402,"3019 Center St, Little Rock, AR 72206, USA",34.71966716649797,-92.27647260441074,3019 Center St
403,"7000 Juanita Cv, Memphis, TN 38133, USA",35.20201105090971,-89.82975436207481,7000 Juanita Cv
404,"895 Johnston St, Akron, OH 44306, USA",41.06758915384616,-81.49779284615384,895 Johnston St
405,"5433 Nottinghill Dr, Birmingham, AL 35235, USA",33.59985265,-86.63221556960227,5433 Nottinghill Dr
406,"8704 Duncan Dr, Little Rock, AR 72209, USA",34.66679,-92.375129,8704 Duncan Dr
407,"809 Glen Ridge Dr, Fairfield, AL 35064, USA",33.457104798206004,-86.93269646792147,809 Glen Ridge Dr
408,"2154 16th St SW, Akron, OH 44314, USA",41.04485913056642,-81.56057317816015,2154 16th St SW
409,"1610 Rushworth Dr, Houston, TX 77014, USA",29.7589382,-95.3676974,1610 Rushworth Dr
410,"3319 City Ct, Houston, TX 77014, USA",29.8712547,-95.4034925,3319 City Ct
411,"3007 Willow Dr, Brandon, MS 39042, USA",32.2731475,-89.9868058,3007 Willow Dr
412,"851 Hale Rd, Memphis, TN 38116, USA",35.02684891877167,-90.03595922193354,851 Hale Rd
413,"7036 Theodore Ave, Jennings, MO 63136, USA",38.7072552,-90.2711772,7036 Theodore Ave
414,"285 E 52nd St N, Tulsa, OK 74126, USA",36.22908279602894,-95.99203298230522,285 E 52nd St N
415,"1549 E 196th St, Euclid, OH 44117, USA",41.56287414141414,-81.54419206060606,1549 E 196th St
416,"111 Valley Forge Ct, Eaton, OH 45320, USA",39.769768376604254,-84.63882236157824,111 Valley Forge Ct
417,"2618 Elm Dr, Meridian, MS 39307, USA",32.38568146935191,-88.74115403018492,2618 Elm Dr
418,"7614 Coral Meadows Dr, Southaven, MS 38671, USA",34.97282981132076,-90.01946658490566,7614 Coral Meadows Dr
419,"533 Idlewood Park Dr, West Columbia, SC 29170, USA",33.9819485,-81.1007565,533 Idlewood Park Dr
420,"3635 212th Pl, Matteson, IL 60443, USA",41.50335547367458,-87.70482608872697,3635 212th Pl
421,"4203 N 39th St, Milwaukee, WI 53216, USA",43.093633086137785,-87.96211572116766,4203 N 39th St
422,"9189 Westwood Dr, Meridian, MS 39307, USA",32.3643098,-88.703656,9189 Westwood Dr
423,"5510 Persimmon Pass, Richmond, TX 77407, USA",30.664808,-96.35148,5510 Persimmon Pass
424,"733 Goodyear Dr, Spring Lake, NC 28390, USA",35.1763784328483,-78.99741083032082,733 Goodyear Dr
425,"1825 Memorial Dr, Cayce, SC 29033, USA",33.95940533508862,-81.08580970280539,1825 Memorial Dr
426,"8776 Thomas Dr, Leeds, AL 35094, USA",33.5534258536768,-86.53328005845339,8776 Thomas Dr
427,"519 Concord St, Belton, MO 64012, USA",38.81677909090909,-94.54851472727273,519 Concord St
428,"9874 Lawnview Dr, Saint Louis, MO 63136, USA",38.7498586,-90.2494778,9874 Lawnview Dr
429,"4408 Wavetree Dr, Fayetteville, NC 28306, USA",35.017733,-78.947604,4408 Wavetree Dr
430,"2518 Drewmatt Ln, Indianapolis, IN 46234, USA",39.800756,-86.32483,2518 Drewmatt Ln
431,"207 E 6th St, Mishawaka, IN 46544, USA",41.657155,-86.156127,207 E 6th St
432,"5506 Cypressgate Dr, Spring, TX 77373, USA",30.038403385228776,-95.34500765560726,5506 Cypressgate Dr
433,"3416 36th Ave, Meridian, MS 39307, USA",32.39246196810246,-88.71479283944973,3416 36th Ave
434,"756 E 48th Pl, Gary, IN 46409, USA",41.530345045454546,-87.32691272727273,756 E 48th Pl
435,"202 Manor Ln, Buckner, MO 64016, USA",39.125892750000006,-94.19630065000001,202 Manor Ln
436,"4604 N Trenton Ave, Tulsa, OK 74126, USA",36.2206445,-95.969285,4604 N Trenton Ave
437,"8330 Woodhurst Dr, Saint Louis, MO 63134, USA",38.76237702705339,-90.32652402979856,8330 Woodhurst Dr
438,"1027 Avant Dr, Saint Louis, MO 63137, USA",38.7568294,-90.2257124,1027 Avant Dr
439,"7515 1st Ave S, Birmingham, AL 35206, USA",33.557977571428566,-86.72859871428572,7515 1st Ave S
440,"1229 Linwood St, Birmingham, AL 35215, USA",33.618809023560985,-86.69327648370574,1229 Linwood St
441,"7716 1st Ave S, Birmingham, AL 35206, USA",33.560435142002774,-86.72652458126736,7716 1st Ave S
442,"2308 Willow Wood Ave, Memphis, TN 38127, USA",35.211181530477475,-89.98724522231623,2308 Willow Wood Ave
443,"411 Valley Crest Dr, Birmingham, AL 35215, USA",33.615948650557534,-86.72734378559804,411 Valley Crest Dr
444,"421 Valley Crest Dr, Birmingham, AL 35215, USA",33.616050713754454,-86.72693726759557,421 Valley Crest Dr
445,"1316 W 4th St, Wilmington, DE 19805, USA",39.74578630454178,-75.56469200839298,1316 W 4th St
446,"1200 Hickory Hill Rd, Eastover, SC 29044, USA",33.8771147,-80.6922594,1200 Hickory Hill Rd
447,"36 W 103rd Pl, Chicago, IL 60628, USA",41.7064797,-87.62487950304282,36 W 103rd Pl
448,"9728 S Harvard Ave, Chicago, IL 60628, USA",41.71703825,-87.6324503749488,9728 S Harvard Ave
449,"210 W 57th Ave, Merrillville, IN 46410, USA",41.514532,-87.336336,210 W 57th Ave
450,"338 Glenn Rd, West Columbia, SC 29172, USA",33.9819485,-81.1007565,338 Glenn Rd
451,"2645 164th Pl, Hammond, IN 46323, USA",41.5965308,-87.4622251,2645 164th Pl
452,"506 W 103rd Pl, Chicago, IL 60628, USA",41.70625295,-87.63590244177229,506 W 103rd Pl
453,"612 Acorn Ln, Brandon, MS 39047, USA",32.2731475,-89.9868058,612 Acorn Ln
454,"13436 S Burley Ave, Chicago, IL 60633, USA",41.650768299999996,-87.545002740625,13436 S Burley Ave
455,"3947 N 29th St, Milwaukee, WI 53216, USA",43.08858979591837,-87.94961540816327,3947 N 29th St
456,"4655 N Boston Pl, Tulsa, OK 74126, USA",36.2242129,-95.9941427,4655 N Boston Pl
457,"624 Cornerstone Pl, Evans, GA 30809, USA",33.5143065,-82.1387819734912,624 Cornerstone Pl
458,"795 Norwood Dr, Beaumont, TX 77706, USA",30.081881868338538,-94.1742716135227,795 Norwood Dr
459,"1352 Grayson Valley Pkwy, Birmingham, AL 35235, USA",33.530564,-86.7119127,1352 Grayson Valley Pkwy
460,"6552 Whitetail Ln, Memphis, TN 38115, USA",35.047413,-89.844921,6552 Whitetail Ln
461,"121 Cherry Laurel Cir, Pearl, MS 39208, USA",30.532245,-89.686272,121 Cherry Laurel Cir
462,"2034 215th Pl, Sauk Village, IL 60411, USA",41.495756852369254,-87.56697586852455,2034 215th Pl
463,"1241 Pinnacle Dr, Grovetown, GA 30813, USA",33.4504157,-82.1981764,1241 Pinnacle Dr
464,"3722 Fern Ridge Rd, Memphis, TN 38115, USA",35.04694680773047,-89.84461928835573,3722 Fern Ridge Rd
465,"848 W Terrace Dr, Glenwood, IL 60425, USA",41.551279,-87.6330325,848 W Terrace Dr
466,"618 Leavert Ave, Memphis, TN 38127, USA",35.21673208111703,-90.04347721133422,618 Leavert Ave
467,"7437 Canton Ave, Saint Louis, MO 63130, USA",38.676839967018715,-90.32958848533104,7437 Canton Ave
468,"412 Jean Ave, Saint Louis, MO 63135, USA",38.735815787878785,-90.311602,412 Jean Ave
469,"428 Pinebrook Cir, Brandon, MS 39047, USA",32.2731475,-89.9868058,428 Pinebrook Cir
470,"448 Cami Forest Ln, Columbia, SC 29209, USA",33.968525921740074,-80.95766254406148,448 Cami Forest Ln
471,"7948 Siskin Ave, Jacksonville, FL 32219, USA",30.398269636180906,-81.73658362458951,7948 Siskin Ave
472,"388 Longfellows Ln, Elgin, SC 29045, USA",34.671052599999996,-80.72987391808195,388 Longfellows Ln
473,"504 Ridgeway Dr, Brandon, MS 39047, USA",32.2731475,-89.9868058,504 Ridgeway Dr
474,"5761 Marchester Cir, Pinson, AL 35126, USA",33.6889908,-86.6833229,5761 Marchester Cir
475,"18704 Kenosha St, Harper Woods, MI 48225, USA",42.436203818791945,-82.94815430872482,18704 Kenosha St
476,"405 Peppermint Dr, Hubert, NC 28539, USA",34.7137729,-77.2452328,405 Peppermint Dr
477,"20404 Kingsville St, Harper Woods, MI 48225, USA",42.4333367,-82.9238847,20404 Kingsville St
478,"446 Cameron Rd, Saint Louis, MO 63137, USA",38.7510913,-90.2064715,446 Cameron Rd
479,"552 E 55th Pl N, Tulsa, OK 74126, USA",36.23393607692307,-95.98787503846154,552 E 55th Pl N
480,"2715 Carey Ave, Davenport, IA 52803, USA",41.547496125,-90.559680625,2715 Carey Ave
481,"222 Jackstay Ct, Chapin, SC 29036, USA",34.1659795,-81.3498212,222 Jackstay Ct
482,"144 W Elbridge Way, Canton, MS 39046, USA",32.7440238,-90.0331404,144 W Elbridge Way
483,"1014 Forest Cir, Bessemer, AL 35023, USA",33.4017766,-86.954437,1014 Forest Cir
484,"10804 Bennington Ave, Kansas City, MO 64134, USA",38.928535653061225,-94.51355620408162,10804 Bennington Ave
485,"1970 S 16th St # A, Milwaukee, WI 53204, USA",43.0118455,-87.9330702,1970 S 16th St # A
486,"432 W Stewart St, Dayton, OH 45417, USA",39.73993115662188,-84.19895855930905,432 W Stewart St
487,"3558 E 46th St, Cleveland, OH 44105, USA",41.46079673469388,-81.65994683673469,3558 E 46th St
488,"2389 Cragstone Ct , Lithonia, GA 30058, USA",33.7123305,-84.1051939,2389 Cragstone Ct 
489,"987 Watermark Dr, Evans, GA 30809, USA",39.529953899999995,-119.8096007534971,987 Watermark Dr
490,"36232 Okefenokee Dr, Folkston, GA 31537, USA",30.836825827008987,-82.01171859465049,36232 Okefenokee Dr
491,"1250 W American St, Freeport, IL 61032, USA",42.28980511639943,-89.6431508977932,1250 W American St
492,"212 Connolly Dr, Saint Louis, MO 63135, USA",38.77041425605564,-90.32140086269516,212 Connolly Dr
493,"4218 Euclid Ave, East Chicago, IN 46312, USA",41.6395697,-87.4544851,4218 Euclid Ave
494,"4541 Country Glen Cir, Grovetown, GA 30813, USA",33.46046048730727,-82.22445648904231,4541 Country Glen Cir
495,"4224 39th Ave N, Birmingham, AL 35217, USA",33.560151265306125,-86.77379832653061,4224 39th Ave N
496,"131 Marvin St, North Little Rock, AR 72117, USA",34.77178242829622,-92.19783907994935,131 Marvin St
497,"212 Park Village Cir, Alabaster, AL 35007, USA",33.1817528990735,-86.82373200641176,212 Park Village Cir
498,"387 Jamestown Manor Dr, Gardendale, AL 35071, USA",33.634982,-86.807478,387 Jamestown Manor Dr
499,"108 Wildwood Ln, Brandon, MS 39047, USA",32.2731475,-89.9868058,108 Wildwood Ln
500,"4831 High Meadows Dr, Grovetown, GA 30813, USA",33.4504157,-82.1981764,4831 High Meadows Dr
501,"74 W Fifth St, Manteno, IL 60950, USA",41.2506759,-87.8314299,74 W Fifth St
502,"1727 Wesley St, Pittsburgh, PA 15221, USA",40.4416941,-79.9900861,1727 Wesley St
503,"905 Westlawn Dr, Grovetown, GA 30813, USA",33.4504157,-82.1981764,905 Westlawn Dr
504,"16100 Juliet Dr, Edmond, OK 73013, USA",35.6571367,-97.4649038,16100 Juliet Dr
505,"402 Jack Miller Blvd Apt G, Clarksville, TN 37042, USA",36.571828,-87.4799817,402 Jack Miller Blvd Apt G
506,"1490 Windle St, Jacksonville, FL 32209, USA",30.33827111111111,-81.68110166666666,1490 Windle St
507,"7617 Janetta Dr, North Richland Hills, TX 76180, USA",32.841109555555555,-97.21967522222222,7617 Janetta Dr
508,"6842 S May St, Chicago, IL 60621, USA",41.76924685,-87.65326290023764,6842 S May St
509,"9401 N Lenox Ave # 9407, Kansas City, MO 64154, USA",39.2628917,-94.6267028,9401 N Lenox Ave # 9407
510,"816 Chablis Dr, Columbia, SC 29210, USA",34.0700188,-81.129491,816 Chablis Dr
511,"10206 Durness Dr, Saint Louis, MO 63137, USA",38.7515748,-90.2088916,10206 Durness Dr
512,"1709 Beaver Rd, Ambridge, PA 15003, USA",40.599968,-80.223891,1709 Beaver Rd
513,"108 Sulton St, Batesburg-Leesville, SC 29006, USA",33.9089262210923,-81.53374465188838,108 Sulton St
514,"21211 Locust St, Matteson, IL 60443, USA",41.5042412050499,-87.70446735068609,21211 Locust St
515,"4232 Timber Creek Pkwy, New Haven, IN 46774, USA",41.0481165,-85.0236542,4232 Timber Creek Pkwy
516,"5612 Avenue L, Birmingham, AL 35208, USA",33.5073633,-86.8916561,5612 Avenue L
517,"1020 W 68th St, Chicago, IL 60621, USA",41.7709172,-87.6275122,1020 W 68th St
518,"901 Indigo Ave, Cayce, SC 29033, USA",33.980545,-81.063226,901 Indigo Ave
519,"10 Trotter Ct, Newnan, GA 30263, USA",33.3807861,-84.8251209,10 Trotter Ct
520,"8605 9th Ct S, Birmingham, AL 35206, USA",33.568887281181276,-86.70430013772386,8605 9th Ct S
521,"1328 Logan Ave NW, Canton, OH 44703, USA",40.81179,-81.37292633333334,1328 Logan Ave NW
522,"142 Daisy Cir, McDonough, GA 30252, USA",33.4473361,-84.1468616,142 Daisy Cir
523,"1344 Bass Ln, McDonough, GA 30253, USA",33.461006,-84.1557162,1344 Bass Ln
524,"5039 Overview Ridge Cv, Memphis, TN 38141, USA",35.0317777,-89.8291424,5039 Overview Ridge Cv
525,"4724 Cheshire Cir, Birmingham, AL 35235, USA",33.530564,-86.7119127,4724 Cheshire Cir
526,"601 N Hollywood St, Memphis, TN 38112, USA",35.151751,-89.976994,601 N Hollywood St
527,"592 Taney Pl, Gary, IN 46404, USA",41.59950442742595,-87.37473881834774,592 Taney Pl
528,"21150 Sophia Dr, Matteson, IL 60443, USA",41.503819346938776,-87.76291681632652,21150 Sophia Dr
529,"120 Brent Ford Rd, Columbia, SC 29212, USA",34.0007493,-81.0343313,120 Brent Ford Rd
530,"24824 Lauren Ave, Warren, MI 48089, USA",42.47740987878788,-82.97617348484847,24824 Lauren Ave
531,"101 W Great Plains Trl, Harker Heights, TX 76548, USA",31.0566831,-97.6727144,101 W Great Plains Trl
532,"17475 Lowell St, Roseville, MI 48066, USA",42.50141015075377,-82.94041518090452,17475 Lowell St
533,"4087 Chippewa Rd, Memphis, TN 38118, USA",35.069963,-89.92734,4087 Chippewa Rd
534,"2251 Salem Park Dr, Indianapolis, IN 46239, USA",39.7369431,-86.0225287,2251 Salem Park Dr
535,"111 Brookwood Rd W, Birmingham, AL 35228, USA",35.2313212,-80.94390830717272,111 Brookwood Rd W
536,"137 Spring St, Calera, AL 35040, USA",33.156197442935444,-86.75631771195032,137 Spring St
537,"5204 Terrace J, Birmingham, AL 35208, USA",33.48242496969697,-86.89931677777777,5204 Terrace J
538,"3539 Judy St, Columbia, SC 29223, USA",34.0007493,-81.0343313,3539 Judy St
539,"302 S 109th East Ave, Tulsa, OK 74128, USA",36.156520163265306,-95.85525632653061,302 S 109th East Ave
540,"233 E Erie St Apt 1309, Chicago, IL 60611, USA",41.896745,-87.6281497,233 E Erie St Apt 1309
541,"6698 Fielder Rd, Rex, GA 30273, USA",33.5920544,-84.2699218,6698 Fielder Rd
542,"1510 Reale Ave, Saint Louis, MO 63138, USA",38.7837904,-90.2139241,1510 Reale Ave
543,"102 N Marguerite Ave, Saint Louis, MO 63135, USA",38.746542346938774,-90.31380363265306,102 N Marguerite Ave
544,"3526 San Jose Ln, Saint Ann, MO 63074, USA",38.72461848607278,-90.38335410319473,3526 San Jose Ln
545,"11935 Shearwater Run, Fort Wayne, IN 46845, USA",41.1868614,-85.1425975,11935 Shearwater Run
546,"127 Orchard Pass, Warner Robins, GA 31088, USA",32.61566434749961,-83.6198974131251,127 Orchard Pass
547,"6124 Old Collinsville Rd, Fairview Heights, IL 62208, USA",38.58963397773916,-89.9661130951851,6124 Old Collinsville Rd
548,"808 Mohawk Ave, Memphis, TN 38109, USA",35.032818576493,-90.09010336163722,808 Mohawk Ave
549,"423 Tina Hely Ct, Stockbridge, GA 30281, USA",33.533223288025006,-84.23704459721435,423 Tina Hely Ct
550,"449 Midlothian Rd, Saint Louis, MO 63137, USA",38.7556072,-90.2057085,449 Midlothian Rd
551,"11652 S Elizabeth St, Chicago, IL 60643, USA",41.681583700000004,-87.6533658,11652 S Elizabeth St
552,"2695 Allison Mill Rd, Talladega, AL 35160, USA",33.399327903049304,-86.10631724237675,2695 Allison Mill Rd
553,"2831 225th Pl, Sauk Village, IL 60411, USA",41.480809475994064,-87.55195510105332,2831 225th Pl
554,"104 Valley Forge CT, Eaton, OH 45320, USA",39.76990710067275,-84.63894982873533,104 Valley Forge CT
555,"9140 S Essex Ave, Chicago, IL 60617, USA",41.7286954,-87.56361341067796,9140 S Essex Ave
556,"16409 Stoneview Dr, Oklahoma City, OK 73170, USA",35.30599526606482,-97.52488484487037,16409 Stoneview Dr
557,"4013 Nadina Cv, Fort Wayne, IN 46815, USA",41.1183289,-85.0223029,4013 Nadina Cv
558,"152 E Mapledale Ave, Akron, OH 44301, USA",41.04568920090048,-81.52231323602369,152 E Mapledale Ave
559,"35 Blue Spruce Ct, Lumberton, NJ 8048, USA",39.974725900767915,-74.78389032442406,35 Blue Spruce Ct
560,"3220 Avenue N, Birmingham, AL 35218, USA",33.482321,-86.893382,3220 Avenue N
561,"104 Williams St, Bethalto, IL 62010, USA",38.91411422448979,-90.04054246938774,104 Williams St
562,"1429 Ballard Dr, Saint Louis, MO 63137, USA",38.7555711,-90.2347777,1429 Ballard Dr
563,"929 Ralston St, Gary, IN 46406, USA",41.59434828571428,-87.402153,929 Ralston St
564,"428 E Hunting Tower Run, Montgomery, TX 77316, USA",30.356774847321194,-95.59752923720123,428 E Hunting Tower Run
565,"6002 Lattimer Dr, Houston, TX 77035, USA",29.652231,-95.495674,6002 Lattimer Dr
566,"9704 Gloucester Dr, Saint Louis, MO 63137, USA",38.741003,-90.2159555,9704 Gloucester Dr
567,"2637 Gross Rd, Dallas, TX 75228, USA",32.814300929292926,-96.66998792929293,2637 Gross Rd
568,"604 E South St, South Bend, IN 46601, USA",41.669389333333335,-86.243154,604 E South St
569,"26 Wells Ave, Harvey, IL 60426, USA",41.627072,-87.65487375000001,26 Wells Ave
570,"203 N Garden Blvd, Edgewater Park, NJ 8010, USA",40.0556493400626,-74.9038066229903,203 N Garden Blvd
571,"16243 Ashland Ave, Markham, IL 60428, USA",41.59459899616596,-87.65581861981359,16243 Ashland Ave
572,"820 Holly Blvd, Bayville, NJ 8721, USA",39.9092852,-74.1548614,820 Holly Blvd
573,"2135 Kemble Ave, Chicago, IL 60064, USA",42.32055969387755,-87.85481559183674,2135 Kemble Ave
574,"2136 E Elm St, Griffith, IN 46319, USA",41.5300085,-87.4149663,2136 E Elm St
575,"20029 Marlowe St, Detroit, MI 48235, USA",42.43939768686868,-83.19178363636364,20029 Marlowe St
576,"10417 Tanner Dr, Saint Louis, MO 63136, USA",38.761611,-90.2779538,10417 Tanner Dr
577,"162 Redbud Dr, North Augusta, SC 29860, USA",33.57080090444374,-81.94589680545218,162 Redbud Dr
578,"4337 Trace Wood Dr, Indianapolis, IN 46254, USA",39.8349027,-86.2337115,4337 Trace Wood Dr
579,"2281 Webbing Dr, Cordova, TN 38016, USA",35.1556451,-89.7761955,2281 Webbing Dr
580,"1507 Cedar Hill Trl, Grovetown, GA 30813, USA",33.4504157,-82.1981764,1507 Cedar Hill Trl
581,"16453 Dixie Hwy, Markham, IL 60428, USA",41.59069343099106,-87.66544700021343,16453 Dixie Hwy
582,"481 Dawsons Park Way, Lexington, SC 29072, USA",33.9842917,-81.2929906,481 Dawsons Park Way
583,"427 Saddlebrook Dr, San Antonio, TX 78245, USA",29.432012006480022,-98.67358094025572,427 Saddlebrook Dr
584,"512 NW Glendale Dr, Lawton, OK 73507, USA",34.632281500000005,-98.39401050000001,512 NW Glendale Dr
585,"573 Jackson St, Grovetown, GA 30813, USA",33.4348745,-82.2031477,573 Jackson St
586,"1131 E Bowman St, South Bend, IN 46613, USA",41.653431,-86.2478791,1131 E Bowman St
587,"19350 Dale St, Detroit, MI 48219, USA",42.43225432868423,-83.27639763725455,19350 Dale St
588,"560 Idlewood Rd, Pittsburgh, PA 15235, USA",40.4229436,-80.0740003,560 Idlewood Rd
589,"3160 Graceland Ave, Indianapolis, IN 46208, USA",39.812815163265306,-86.16277314285715,3160 Graceland Ave
590,"1363 Reale Ave, Saint Louis, MO 63138, USA",38.7835976,-90.2080375,1363 Reale Ave
591,"916 Purdue Ln, Matteson, IL 60443, USA",41.50920576490872,-87.74901773002053,916 Purdue Ln
592,"144 E River Dr, Willingboro, NJ 8046, USA",40.021377196132015,-74.86783987743861,144 E River Dr
593,"12733 S Wallace St, Chicago, IL 60628, USA",41.66223065,-87.63630215,12733 S Wallace St
594,"123 Dawsons Park Cir, Lexington, SC 29072, USA",33.9811223,-81.2942116,123 Dawsons Park Cir
595,"8418 S Sangamon St, Chicago, IL 60620, USA",41.740857500000004,-87.64767422597205,8418 S Sangamon St
596,"401 W 115th St, Chicago, IL 60628, USA",41.68498045,-87.63268489239914,401 W 115th St
597,"7921 Siskin Ave, Jacksonville, FL 32219, USA",30.39793155156255,-81.73593236343297,7921 Siskin Ave
598,"1128 Brenda Ln, Lexington, SC 29072, USA",33.9870773,-81.2457393,1128 Brenda Ln
599,"322 Harrison St, Mishawaka, IN 46544, USA",41.65828193877551,-86.194854,322 Harrison St
600,"4239 Cedar Valley Ln, Conley, GA 30288, USA",33.6448311,-84.3257571,4239 Cedar Valley Ln
601,"1124 Brenda Ln, Lexington, SC 29072, USA",33.9870773,-81.2457393,1124 Brenda Ln
602,"8104 Loden Ct, Blacklick, OH 43004, USA",39.9956195,-82.811286,8104 Loden Ct
603,"5704 NW Ash Ave, Lawton, OK 73505, USA",34.61655,-98.462449,5704 NW Ash Ave
604,"4079 Sunset Dr SW, Atlanta, GA 30331, USA",33.6985949,-84.52170792475877,4079 Sunset Dr SW
605,"502 Oak Ln, Jacksonville, NC 28540, USA",34.76676452732324,-77.42512068869515,502 Oak Ln
606,"1112 4th Ave W, Birmingham, AL 35204, USA",33.50627393877551,-86.85515469387755,1112 4th Ave W
607,"996 Chester St, Orangeburg, SC 29118, USA",33.4918203,-80.8556476,996 Chester St
608,"3 Deerpath Ct, Columbia, SC 29229, USA",34.0294732,-81.1066173,3 Deerpath Ct
609,"3470 Old Brownsville Rd, Bartlett, TN 38134, USA",35.220267698132695,-89.88299011220784,3470 Old Brownsville Rd
610,"4149 Halford Dr, Evansville, IN 47715, USA",38.010169,-87.497961,4149 Halford Dr
611,"3160 SW 162nd Street Rd, Ocala, FL 34473, USA",29.1871986,-82.1400923,3160 SW 162nd Street Rd
612,"4425 Alaska Ave, Saint Louis, MO 63111, USA",38.576708730786955,-90.24304899218824,4425 Alaska Ave
613,"2609 W 1132, Sumava Resorts, IN 46379, USA",41.1664238,-87.4391996,2609 W 1132
614,"5290 Queen Anne Dr, Memphis, TN 38135, USA",35.22179,-89.88633777387174,5290 Queen Anne Dr
615,"3661 Celtic Dr, Indianapolis, IN 46235, USA",39.82355413392175,-86.00446120843914,3661 Celtic Dr
616,"nan, Birmingham, AL 35206, USA",33.530564,-86.7119127,
617,"nan, Indianapolis, IN 46201, USA",39.72212715,-86.26657830930536,
618,"nan, Riverdale, GA 30274, USA",40.990300250000004,-74.29935939686008,
619,"nan, Stonewall, MS 39363, USA",32.1318149,-88.7933808,
